[
  {
    "description": "",
    "elements": [
      {
        "description": "",
        "id": "add-items-to-kart;add-first-4-items-to-kart-and-remove-least-items",
        "keyword": "Scenario",
        "line": 3,
        "name": "Add first 4 items to kart and remove least items",
        "steps": [
          {
            "arguments": [],
            "keyword": "Given ",
            "line": 4,
            "name": "I add first four items to my cart",
            "match": {
              "location": "not available:0"
            },
            "result": {
              "status": "passed",
              "duration": 7005000000
            }
          },
          {
            "arguments": [],
            "keyword": "When ",
            "line": 5,
            "name": "I view my cart",
            "match": {
              "location": "not available:0"
            },
            "result": {
              "status": "passed",
              "duration": 1952000000
            }
          },
          {
            "arguments": [],
            "keyword": "Then ",
            "line": 6,
            "name": "I find total four items listed in my cart",
            "match": {
              "location": "not available:0"
            },
            "result": {
              "status": "passed",
              "duration": 65000000
            }
          },
          {
            "arguments": [],
            "keyword": "When ",
            "line": 7,
            "name": "I search for lowest price item",
            "match": {
              "location": "not available:0"
            },
            "result": {
              "status": "passed",
              "duration": 49000000
            }
          },
          {
            "arguments": [],
            "keyword": "And ",
            "line": 8,
            "name": "I am able to remove the lowset price item from my cart",
            "match": {
              "location": "not available:0"
            },
            "result": {
              "status": "passed",
              "duration": 187000000
            }
          },
          {
            "arguments": [],
            "keyword": "Then ",
            "line": 9,
            "name": "I am able to verify three items in my cart",
            "match": {
              "location": "not available:0"
            },
            "result": {
              "status": "passed",
              "duration": 1775000000
            }
          }
        ],
        "tags": [],
        "type": "scenario"
      },
      {
        "description": "",
        "id": "add-items-to-kart;add-4-random-items-to-kart-and-remove-least-items",
        "keyword": "Scenario",
        "line": 11,
        "name": "Add 4 random items to kart and remove least items",
        "steps": [
          {
            "arguments": [],
            "keyword": "Given ",
            "line": 12,
            "name": "I add four random items to my cart",
            "match": {
              "location": "not available:0"
            },
            "result": {
              "status": "passed",
              "duration": 15248000000
            }
          },
          {
            "arguments": [],
            "keyword": "When ",
            "line": 13,
            "name": "I view my cart",
            "match": {
              "location": "not available:0"
            },
            "result": {
              "status": "passed",
              "duration": 1965000000
            }
          },
          {
            "arguments": [],
            "keyword": "Then ",
            "line": 14,
            "name": "I find total four items listed in my cart",
            "match": {
              "location": "not available:0"
            },
            "result": {
              "status": "passed",
              "duration": 42000000
            }
          },
          {
            "arguments": [],
            "keyword": "When ",
            "line": 15,
            "name": "I search for lowest price item",
            "match": {
              "location": "not available:0"
            },
            "result": {
              "status": "passed",
              "duration": 51000000
            }
          },
          {
            "arguments": [],
            "keyword": "And ",
            "line": 16,
            "name": "I am able to remove the lowset price item from my cart",
            "match": {
              "location": "not available:0"
            },
            "result": {
              "status": "passed",
              "duration": 240000000
            }
          },
          {
            "arguments": [],
            "keyword": "Then ",
            "line": 17,
            "name": "I am able to verify three items in my cart",
            "match": {
              "location": "not available:0"
            },
            "result": {
              "status": "passed",
              "duration": 1600000000
            }
          }
        ],
        "tags": [],
        "type": "scenario"
      }
    ],
    "id": "add-items-to-kart",
    "line": 1,
    "keyword": "Feature",
    "name": "Add items to kart",
    "tags": [],
    "uri": "cypress\\e2e\\features\\AddKart.feature"
  }
]