{"testRunStarted":{"timestamp":{"seconds":1694229984,"nanos":99000000}}}
{"source":{"data":"Feature: Add items to kart\r\n\r\n    Scenario: Add first 4 items to kart and remove least items\r\n        Given I add first four items to my cart\r\n        When I view my cart\r\n        Then I find total four items listed in my cart\r\n        When I search for lowest price item\r\n        And I am able to remove the lowset price item from my cart\r\n        Then I am able to verify three items in my cart\r\n\r\n    Scenario: Add 4 random items to kart and remove least items\r\n        Given I add four random items to my cart\r\n        When I view my cart\r\n        Then I find total four items listed in my cart\r\n        When I search for lowest price item\r\n        And I am able to remove the lowset price item from my cart\r\n        Then I am able to verify three items in my cart\r\n","uri":"cypress\\e2e\\features\\AddKart.feature","mediaType":"text/x.cucumber.gherkin+plain"}}
{"gherkinDocument":{"feature":{"tags":[],"location":{"line":1,"column":1},"language":"en","keyword":"Feature","name":"Add items to kart","description":"","children":[{"scenario":{"id":"6831523f-18e6-4f60-ad82-6ca16841ced3","tags":[],"location":{"line":3,"column":5},"keyword":"Scenario","name":"Add first 4 items to kart and remove least items","description":"","steps":[{"id":"6dc0a04f-1e82-45f1-b571-efba6629376b","location":{"line":4,"column":9},"keyword":"Given ","keywordType":"Context","text":"I add first four items to my cart"},{"id":"577a0965-4901-4cb2-a6ca-749be75e570d","location":{"line":5,"column":9},"keyword":"When ","keywordType":"Action","text":"I view my cart"},{"id":"e8c4b498-1de3-4569-a792-e1632ac65f38","location":{"line":6,"column":9},"keyword":"Then ","keywordType":"Outcome","text":"I find total four items listed in my cart"},{"id":"c4b1e148-2699-43a7-84c0-2f9e3bbff7d5","location":{"line":7,"column":9},"keyword":"When ","keywordType":"Action","text":"I search for lowest price item"},{"id":"77dadbe2-9a69-4325-9579-36371e7ae767","location":{"line":8,"column":9},"keyword":"And ","keywordType":"Conjunction","text":"I am able to remove the lowset price item from my cart"},{"id":"0e6182e2-2485-4ca9-91bd-95fb6342b419","location":{"line":9,"column":9},"keyword":"Then ","keywordType":"Outcome","text":"I am able to verify three items in my cart"}],"examples":[]}},{"scenario":{"id":"dd3b71a5-d61a-40cd-bef4-e997649d2201","tags":[],"location":{"line":11,"column":5},"keyword":"Scenario","name":"Add 4 random items to kart and remove least items","description":"","steps":[{"id":"537cc4af-fd17-45d2-aa1f-b143ae93b3fb","location":{"line":12,"column":9},"keyword":"Given ","keywordType":"Context","text":"I add four random items to my cart"},{"id":"462d6954-4292-4b4c-9b58-9f6cde6fac58","location":{"line":13,"column":9},"keyword":"When ","keywordType":"Action","text":"I view my cart"},{"id":"36e8ed83-7fc1-4ef3-9373-665d12101904","location":{"line":14,"column":9},"keyword":"Then ","keywordType":"Outcome","text":"I find total four items listed in my cart"},{"id":"7bd24126-f6a7-4730-b4f8-b671aee7452c","location":{"line":15,"column":9},"keyword":"When ","keywordType":"Action","text":"I search for lowest price item"},{"id":"833a49bc-3d12-412e-9877-37f8e030af10","location":{"line":16,"column":9},"keyword":"And ","keywordType":"Conjunction","text":"I am able to remove the lowset price item from my cart"},{"id":"ca1eb719-44e7-4128-86cd-55bd9cf3fdab","location":{"line":17,"column":9},"keyword":"Then ","keywordType":"Outcome","text":"I am able to verify three items in my cart"}],"examples":[]}}]},"comments":[],"uri":"cypress\\e2e\\features\\AddKart.feature"}}
{"pickle":{"id":"4af0730d-417e-42f9-8983-6319dd8f67b7","uri":"cypress\\e2e\\features\\AddKart.feature","astNodeIds":["6831523f-18e6-4f60-ad82-6ca16841ced3"],"tags":[],"name":"Add first 4 items to kart and remove least items","language":"en","steps":[{"id":"c3f6bc07-2a4c-4499-b653-3591ec7ba946","text":"I add first four items to my cart","type":"Context","astNodeIds":["6dc0a04f-1e82-45f1-b571-efba6629376b"]},{"id":"8fbecccd-34a6-4803-a043-d51de15f49fe","text":"I view my cart","type":"Action","astNodeIds":["577a0965-4901-4cb2-a6ca-749be75e570d"]},{"id":"73ca70b4-922e-49ef-84f2-d85524a733a4","text":"I find total four items listed in my cart","type":"Outcome","astNodeIds":["e8c4b498-1de3-4569-a792-e1632ac65f38"]},{"id":"3db74dc8-612e-4285-a39a-8b815bd348ee","text":"I search for lowest price item","type":"Action","astNodeIds":["c4b1e148-2699-43a7-84c0-2f9e3bbff7d5"]},{"id":"49a0254c-d54e-4ed6-9546-ebfed2d14ec9","text":"I am able to remove the lowset price item from my cart","type":"Action","astNodeIds":["77dadbe2-9a69-4325-9579-36371e7ae767"]},{"id":"32817b4c-a775-4048-836b-acf7138e587c","text":"I am able to verify three items in my cart","type":"Outcome","astNodeIds":["0e6182e2-2485-4ca9-91bd-95fb6342b419"]}]}}
{"pickle":{"id":"679c4989-8ec2-4e52-a107-589cca7222cb","uri":"cypress\\e2e\\features\\AddKart.feature","astNodeIds":["dd3b71a5-d61a-40cd-bef4-e997649d2201"],"tags":[],"name":"Add 4 random items to kart and remove least items","language":"en","steps":[{"id":"f13e7877-5fb7-44cc-82bf-d7cee599bf77","text":"I add four random items to my cart","type":"Context","astNodeIds":["537cc4af-fd17-45d2-aa1f-b143ae93b3fb"]},{"id":"142bd73a-33be-42df-8e2d-229886eaaf2d","text":"I view my cart","type":"Action","astNodeIds":["462d6954-4292-4b4c-9b58-9f6cde6fac58"]},{"id":"b66f6139-102b-4732-94ff-f0021517eaa9","text":"I find total four items listed in my cart","type":"Outcome","astNodeIds":["36e8ed83-7fc1-4ef3-9373-665d12101904"]},{"id":"ec625282-7701-49ec-9f08-5d528124a315","text":"I search for lowest price item","type":"Action","astNodeIds":["7bd24126-f6a7-4730-b4f8-b671aee7452c"]},{"id":"440e25b4-fc94-42b3-adca-af436b569266","text":"I am able to remove the lowset price item from my cart","type":"Action","astNodeIds":["833a49bc-3d12-412e-9877-37f8e030af10"]},{"id":"dde8a405-0111-4266-b67c-559e627774d7","text":"I am able to verify three items in my cart","type":"Outcome","astNodeIds":["ca1eb719-44e7-4128-86cd-55bd9cf3fdab"]}]}}
{"stepDefinition":{"id":"4709eb15-a814-475c-b15f-907c8f137560","pattern":{"type":"CUCUMBER_EXPRESSION","source":"I add first four items to my cart"},"sourceReference":{"uri":"not available","location":{"line":0}}}}
{"stepDefinition":{"id":"e327adc6-629b-40f1-a995-94f81b599d07","pattern":{"type":"CUCUMBER_EXPRESSION","source":"I add four random items to my cart"},"sourceReference":{"uri":"not available","location":{"line":0}}}}
{"stepDefinition":{"id":"d729203e-3402-4881-aa26-275e76d4312d","pattern":{"type":"CUCUMBER_EXPRESSION","source":"I view my cart"},"sourceReference":{"uri":"not available","location":{"line":0}}}}
{"stepDefinition":{"id":"9acc928b-0c0b-4a21-a311-7c87cd77935a","pattern":{"type":"CUCUMBER_EXPRESSION","source":"I find total four items listed in my cart"},"sourceReference":{"uri":"not available","location":{"line":0}}}}
{"stepDefinition":{"id":"de4f789c-6f6c-451d-b36b-029d2c311d6b","pattern":{"type":"CUCUMBER_EXPRESSION","source":"I search for lowest price item"},"sourceReference":{"uri":"not available","location":{"line":0}}}}
{"stepDefinition":{"id":"6ef95cef-85f9-445b-b796-5ea598a1833b","pattern":{"type":"CUCUMBER_EXPRESSION","source":"I am able to remove the lowset price item from my cart"},"sourceReference":{"uri":"not available","location":{"line":0}}}}
{"stepDefinition":{"id":"69073338-52bf-43fd-aea2-b86f73fb1075","pattern":{"type":"CUCUMBER_EXPRESSION","source":"I am able to verify three items in my cart"},"sourceReference":{"uri":"not available","location":{"line":0}}}}
{"testCase":{"id":"4af0730d-417e-42f9-8983-6319dd8f67b7","pickleId":"4af0730d-417e-42f9-8983-6319dd8f67b7","testSteps":[{"id":"0b933ba6-0815-4912-b4d4-cbc66ad110c3","pickleStepId":"c3f6bc07-2a4c-4499-b653-3591ec7ba946","stepDefinitionIds":["4709eb15-a814-475c-b15f-907c8f137560"]},{"id":"8857fa65-32dd-4920-b619-b2689a948702","pickleStepId":"8fbecccd-34a6-4803-a043-d51de15f49fe","stepDefinitionIds":["d729203e-3402-4881-aa26-275e76d4312d"]},{"id":"988ac31c-4d7a-429c-8013-bd8878c028f8","pickleStepId":"73ca70b4-922e-49ef-84f2-d85524a733a4","stepDefinitionIds":["9acc928b-0c0b-4a21-a311-7c87cd77935a"]},{"id":"af7a0be4-9ce3-4d72-b109-f8d7d19a63cc","pickleStepId":"3db74dc8-612e-4285-a39a-8b815bd348ee","stepDefinitionIds":["de4f789c-6f6c-451d-b36b-029d2c311d6b"]},{"id":"7dde5a83-813e-4fd5-85fe-ee2b75a3b633","pickleStepId":"49a0254c-d54e-4ed6-9546-ebfed2d14ec9","stepDefinitionIds":["6ef95cef-85f9-445b-b796-5ea598a1833b"]},{"id":"f562111f-87f9-4c62-aa7d-6c0e0952aacc","pickleStepId":"32817b4c-a775-4048-836b-acf7138e587c","stepDefinitionIds":["69073338-52bf-43fd-aea2-b86f73fb1075"]}]}}
{"testCase":{"id":"679c4989-8ec2-4e52-a107-589cca7222cb","pickleId":"679c4989-8ec2-4e52-a107-589cca7222cb","testSteps":[{"id":"fafd5956-6ff7-4c6f-b633-300497c997a8","pickleStepId":"f13e7877-5fb7-44cc-82bf-d7cee599bf77","stepDefinitionIds":["e327adc6-629b-40f1-a995-94f81b599d07"]},{"id":"affc66a0-17de-4477-b580-80fdda237bcb","pickleStepId":"142bd73a-33be-42df-8e2d-229886eaaf2d","stepDefinitionIds":["d729203e-3402-4881-aa26-275e76d4312d"]},{"id":"2645e49a-412f-4acd-a32b-a2f98fe25fa6","pickleStepId":"b66f6139-102b-4732-94ff-f0021517eaa9","stepDefinitionIds":["9acc928b-0c0b-4a21-a311-7c87cd77935a"]},{"id":"1c0ec5aa-8246-4bf6-8334-ec2606d0da06","pickleStepId":"ec625282-7701-49ec-9f08-5d528124a315","stepDefinitionIds":["de4f789c-6f6c-451d-b36b-029d2c311d6b"]},{"id":"4ade56d7-3ad1-42d6-bcf2-06315b115507","pickleStepId":"440e25b4-fc94-42b3-adca-af436b569266","stepDefinitionIds":["6ef95cef-85f9-445b-b796-5ea598a1833b"]},{"id":"12918401-aa98-45f7-9f3b-4d5f9285fc34","pickleStepId":"dde8a405-0111-4266-b67c-559e627774d7","stepDefinitionIds":["69073338-52bf-43fd-aea2-b86f73fb1075"]}]}}
{"testCaseStarted":{"id":"664e4759-ab58-49da-b49b-3de3e45b7a5d","testCaseId":"4af0730d-417e-42f9-8983-6319dd8f67b7","attempt":0,"timestamp":{"seconds":1694229990,"nanos":757000000}}}
{"testStepStarted":{"testStepId":"0b933ba6-0815-4912-b4d4-cbc66ad110c3","testCaseStartedId":"664e4759-ab58-49da-b49b-3de3e45b7a5d","timestamp":{"seconds":1694229990,"nanos":767000000}}}
{"testStepFinished":{"testStepId":"0b933ba6-0815-4912-b4d4-cbc66ad110c3","testCaseStartedId":"664e4759-ab58-49da-b49b-3de3e45b7a5d","testStepResult":{"status":"PASSED","duration":{"seconds":7,"nanos":5000000}},"timestamp":{"seconds":1694229997,"nanos":772000000}}}
{"testStepStarted":{"testStepId":"8857fa65-32dd-4920-b619-b2689a948702","testCaseStartedId":"664e4759-ab58-49da-b49b-3de3e45b7a5d","timestamp":{"seconds":1694229997,"nanos":818000000}}}
{"testStepFinished":{"testStepId":"8857fa65-32dd-4920-b619-b2689a948702","testCaseStartedId":"664e4759-ab58-49da-b49b-3de3e45b7a5d","testStepResult":{"status":"PASSED","duration":{"seconds":2,"nanos":-48000000}},"timestamp":{"seconds":1694229999,"nanos":770000000}}}
{"testStepStarted":{"testStepId":"988ac31c-4d7a-429c-8013-bd8878c028f8","testCaseStartedId":"664e4759-ab58-49da-b49b-3de3e45b7a5d","timestamp":{"seconds":1694229999,"nanos":856000000}}}
{"testStepFinished":{"testStepId":"988ac31c-4d7a-429c-8013-bd8878c028f8","testCaseStartedId":"664e4759-ab58-49da-b49b-3de3e45b7a5d","testStepResult":{"status":"PASSED","duration":{"seconds":0,"nanos":65000000}},"timestamp":{"seconds":1694229999,"nanos":921000000}}}
{"testStepStarted":{"testStepId":"af7a0be4-9ce3-4d72-b109-f8d7d19a63cc","testCaseStartedId":"664e4759-ab58-49da-b49b-3de3e45b7a5d","timestamp":{"seconds":1694229999,"nanos":954000000}}}
{"testStepFinished":{"testStepId":"af7a0be4-9ce3-4d72-b109-f8d7d19a63cc","testCaseStartedId":"664e4759-ab58-49da-b49b-3de3e45b7a5d","testStepResult":{"status":"PASSED","duration":{"seconds":1,"nanos":-951000000}},"timestamp":{"seconds":1694230000,"nanos":3000000}}}
{"testStepStarted":{"testStepId":"7dde5a83-813e-4fd5-85fe-ee2b75a3b633","testCaseStartedId":"664e4759-ab58-49da-b49b-3de3e45b7a5d","timestamp":{"seconds":1694230000,"nanos":26000000}}}
{"testStepFinished":{"testStepId":"7dde5a83-813e-4fd5-85fe-ee2b75a3b633","testCaseStartedId":"664e4759-ab58-49da-b49b-3de3e45b7a5d","testStepResult":{"status":"PASSED","duration":{"seconds":0,"nanos":187000000}},"timestamp":{"seconds":1694230000,"nanos":213000000}}}
{"testStepStarted":{"testStepId":"f562111f-87f9-4c62-aa7d-6c0e0952aacc","testCaseStartedId":"664e4759-ab58-49da-b49b-3de3e45b7a5d","timestamp":{"seconds":1694230000,"nanos":242000000}}}
{"testStepFinished":{"testStepId":"f562111f-87f9-4c62-aa7d-6c0e0952aacc","testCaseStartedId":"664e4759-ab58-49da-b49b-3de3e45b7a5d","testStepResult":{"status":"PASSED","duration":{"seconds":2,"nanos":-225000000}},"timestamp":{"seconds":1694230002,"nanos":17000000}}}
{"testCaseFinished":{"testCaseStartedId":"664e4759-ab58-49da-b49b-3de3e45b7a5d","timestamp":{"seconds":1694230002,"nanos":52000000},"willBeRetried":false}}
{"testCaseStarted":{"id":"da09a5e3-6a7e-4fdf-9d23-50cdc04f16ff","testCaseId":"679c4989-8ec2-4e52-a107-589cca7222cb","attempt":0,"timestamp":{"seconds":1694230002,"nanos":169000000}}}
{"testStepStarted":{"testStepId":"fafd5956-6ff7-4c6f-b633-300497c997a8","testCaseStartedId":"da09a5e3-6a7e-4fdf-9d23-50cdc04f16ff","timestamp":{"seconds":1694230002,"nanos":178000000}}}
{"testStepFinished":{"testStepId":"fafd5956-6ff7-4c6f-b633-300497c997a8","testCaseStartedId":"da09a5e3-6a7e-4fdf-9d23-50cdc04f16ff","testStepResult":{"status":"PASSED","duration":{"seconds":15,"nanos":248000000}},"timestamp":{"seconds":1694230017,"nanos":426000000}}}
{"testStepStarted":{"testStepId":"affc66a0-17de-4477-b580-80fdda237bcb","testCaseStartedId":"da09a5e3-6a7e-4fdf-9d23-50cdc04f16ff","timestamp":{"seconds":1694230017,"nanos":443000000}}}
{"testStepFinished":{"testStepId":"affc66a0-17de-4477-b580-80fdda237bcb","testCaseStartedId":"da09a5e3-6a7e-4fdf-9d23-50cdc04f16ff","testStepResult":{"status":"PASSED","duration":{"seconds":2,"nanos":-35000000}},"timestamp":{"seconds":1694230019,"nanos":408000000}}}
{"testStepStarted":{"testStepId":"2645e49a-412f-4acd-a32b-a2f98fe25fa6","testCaseStartedId":"da09a5e3-6a7e-4fdf-9d23-50cdc04f16ff","timestamp":{"seconds":1694230019,"nanos":442000000}}}
{"testStepFinished":{"testStepId":"2645e49a-412f-4acd-a32b-a2f98fe25fa6","testCaseStartedId":"da09a5e3-6a7e-4fdf-9d23-50cdc04f16ff","testStepResult":{"status":"PASSED","duration":{"seconds":0,"nanos":42000000}},"timestamp":{"seconds":1694230019,"nanos":484000000}}}
{"testStepStarted":{"testStepId":"1c0ec5aa-8246-4bf6-8334-ec2606d0da06","testCaseStartedId":"da09a5e3-6a7e-4fdf-9d23-50cdc04f16ff","timestamp":{"seconds":1694230019,"nanos":539000000}}}
{"testStepFinished":{"testStepId":"1c0ec5aa-8246-4bf6-8334-ec2606d0da06","testCaseStartedId":"da09a5e3-6a7e-4fdf-9d23-50cdc04f16ff","testStepResult":{"status":"PASSED","duration":{"seconds":0,"nanos":51000000}},"timestamp":{"seconds":1694230019,"nanos":590000000}}}
{"testStepStarted":{"testStepId":"4ade56d7-3ad1-42d6-bcf2-06315b115507","testCaseStartedId":"da09a5e3-6a7e-4fdf-9d23-50cdc04f16ff","timestamp":{"seconds":1694230019,"nanos":625000000}}}
{"testStepFinished":{"testStepId":"4ade56d7-3ad1-42d6-bcf2-06315b115507","testCaseStartedId":"da09a5e3-6a7e-4fdf-9d23-50cdc04f16ff","testStepResult":{"status":"PASSED","duration":{"seconds":0,"nanos":240000000}},"timestamp":{"seconds":1694230019,"nanos":865000000}}}
{"testStepStarted":{"testStepId":"12918401-aa98-45f7-9f3b-4d5f9285fc34","testCaseStartedId":"da09a5e3-6a7e-4fdf-9d23-50cdc04f16ff","timestamp":{"seconds":1694230020,"nanos":88000000}}}
{"testStepFinished":{"testStepId":"12918401-aa98-45f7-9f3b-4d5f9285fc34","testCaseStartedId":"da09a5e3-6a7e-4fdf-9d23-50cdc04f16ff","testStepResult":{"status":"PASSED","duration":{"seconds":1,"nanos":600000000}},"timestamp":{"seconds":1694230021,"nanos":688000000}}}
{"testCaseFinished":{"testCaseStartedId":"da09a5e3-6a7e-4fdf-9d23-50cdc04f16ff","timestamp":{"seconds":1694230021,"nanos":720000000},"willBeRetried":false}}
{"testRunFinished":{"timestamp":{"seconds":1694230022,"nanos":868000000}}}
